Workbook

Sheet Level Discovery
A1: BWIC LEVEL DISCOVERY - WHERE SHOULD THIS BOND TRADE?
A2: Date: 2026-01-13 | Focus: Market Context & Fair Value
A4: BOND DETAILS | E4: MARKET REFERENCE POINTS | I4: FAIR VALUE BUILD-UP
A5: CUSIP | B5: 64971WBJ5 | E5: AAA MMD (match maturity) | F5: 3.45 | G5: Benchmark | I5: Base: AAA MMD | J5: =F5*100
A6: Issuer | B6: New York City GO | E6: Bloomberg BVAL | F6: 3.8 | G6: Evaluated | I6: + Credit Spread | J6: =IFS(LEFT(B11,3)="AAA",0,LEFT(B11,3)="AA+",5,LEFT(B11,2)="AA",8,LEFT(B11,3)="AA-",12,LEFT(B11,2)="A+",18,LEFT(B11,1)="A",25,TRUE,30)
A7: Coupon (%) | B7: 5 | E7: ICE EVAL | F7: 3.85 | G7: Evaluated | I7: + Sector Spread | J7: =IFS(B12="GO",0,B12="Essential",2,B12="Water",2,B12="Sewer",2,B12="Electric",3,B12="Higher Ed",5,B12="Transport",8,B12="Toll",10,B12="Airport",10,B12="Hospital",15,B12="Healthcare",15,B12="Housing",20,B12="IDB",25,TRUE,8)
A8: Maturity | B8: 49491 | E8: Last TRACE Trade | F8: 3.78 | I8: + Coupon Adj | J8: =IF(B7>=5,3,IF(B7>=4,0,IF(B7>=3,3,8)))
A9: Call Date | B9: 47665 | E9: Last Trade Date | F9: 46032 | I9: + Call Adj | J9: =IF(B9="",0,IF((B9-B16)/365<2,6,IF((B9-B16)/365<5,3,1)))
A10: Call Price | B10: 100 | E10: Dealer Offer (if any) | G10: Axe/run | I10: + Size Adj | J10: =IF(B14>500,0,IF(B14>200,2,IF(B14>100,4,IF(B14>50,8,12))))
A11: S&P / Moody's | B11: AA / Aa2 | E11: New Issue Comp | F11: 3.7 | G11: Recent deal | I11: =MODEL SPREAD (bps) | J11: =SUM(J5:J10)
A12: Sector | B12: GO | I12: =MODEL YIELD (%) | J12: =F5+(J11-J5)/100
A13: State | B13: NY | E13: SPREAD CONTEXT (bps vs MMD)
A14: Issue Size ($MM) | B14: 250 | E14: Offered Spread | F14: =(B19-F5)*100 | G14: bps | I14: VALUE TRIANGULATION
A15: Par Amount ($) | B15: 500000 | E15: BVAL Spread | F15: =(F6-F5)*100 | G15: bps | I15: Model Fair Value | J15: =J12
A16: Settlement | B16: 46044 | E16: Last Trade Spread | F16: =(F8-F5)*100 | G16: bps | I16: BVAL Mid | J16: =F6
E17: New Issue Spread | F17: =IF(F11="","-",(F11-F5)*100) | G17: bps | I17: Last Trade | J17: =F8
A18: OFFERED LEVEL (from BWIC) | E18: Offer vs BVAL | F18: =F14-F15 | G18: +cheap / -rich | I18: Average (consensus) | J18: =AVERAGE(J15:J17)
A19: Offered Yield (%) | B19: 3.85 | C19: ← ENTER | E19: Offer vs Last Trade | F19: =F14-F16 | G19: +cheap / -rich | I19: FAIR VALUE RANGE | J19: =MIN(J15:J17)&" - "&MAX(J15:J17)
A20: Offered Price | B20: =((B7/200)*(1-(1+B19/200)^(-(B8-B16)/365*2))/(B19/200)+(100*(1+B19/200)^(-(B8-B16)/365*2)))
A21: Dollar Amount | B21: =B15*B20/100
A23: LEVEL ASSESSMENT
A24: Offered vs Model (bps) | B24: =F14-J11+J5 | C24: +cheap / -rich | E24: VERDICT | G24: =IF(B24>8,"CHEAP - BUY",IF(B24>3,"FAIR - BUY",IF(B24>-3,"FAIR VALUE",IF(B24>-8,"SLIGHTLY RICH","RICH - PASS"))))
A25: Offered vs Consensus (bps) | B25: =(B19-J18)*100 | E25: Suggested Bid Yield | G25: =MAX(J18-0.02,B19-0.03)
A26: Confidence Level | B26: =IF(ABS(F8-F6)<0.05,"HIGH - BVAL/Trade aligned",IF(F9<B16-30,"LOW - Stale trade","MEDIUM")) | E26: Walk-Away Level | G26: =J18-0.05

Sheet Callable Analytics
A1: CALLABLE BOND ANALYTICS - YTC vs YTM
A3: CALL STRUCTURE | E3: CALL PROBABILITY FACTORS
A4: First Call Date | B4: ='Level Discovery'!B9 | E4: Current Coupon | F4: ='Level Discovery'!B7
A5: Call Price | B5: ='Level Discovery'!B10 | E5: Current MMD (call date) | F5: ='Level Discovery'!F5 | G5: Approx - adjust for call
A6: Years to Call | B6: =(B4-'Level Discovery'!B16)/365 | E6: Coupon vs Refi Rate | F6: =F4-F5 | G6: Higher = more likely call
A7: Years to Maturity | B7: =('Level Discovery'!B8-'Level Discovery'!B16)/365 | E7: Refunding Savings (bps) | F7: =F6*100
A8: Call Protection | B8: =IF(B4="","BULLET - No call",IF(B6<1,"MINIMAL (<1yr)",IF(B6<3,"SHORT (1-3yr)",IF(B6<5,"MODERATE (3-5yr)","GOOD (5yr+)")))) | E8: CALL PROBABILITY | F8: =IF(B4="","N/A - Bullet",IF(F7>150,"HIGH (>150bps savings)",IF(F7>75,"MODERATE (75-150bps)",IF(F7>25,"LOW (25-75bps)","UNLIKELY (<25bps)"))))
A10: YIELD COMPARISON | E10: MAKE-WHOLE CONSIDERATIONS
A11: Offered Yield (YTM) | B11: ='Level Discovery'!B19 | E11: Make-Whole Call? | F11: No | G11: Yes/No - check OS
A12: Yield to Call (approx) | B12: =IF(B4="","N/A",(('Level Discovery'!B7+(B5-'Level Discovery'!B20)/B6)/((B5+'Level Discovery'!B20)/2))*100) | C12: Simplified YTC | E12: MW Spread (if yes) | G12: Typically +25-50 bps
A13: Yield to Worst | B13: =IF(B4="",B11,MIN(B11,B12)) | E13: MW Analysis | F13: =IF(F11="Yes","MW call unlikely unless rates drop significantly","Standard optional call")
A14: YTC - YTM Spread (bps) | B14: =IF(B4="",0,(B12-B11)*100)
A15: LIKELY REDEMPTION | B15: =IF(B4="","MATURITY",IF(B12<B11,"CALL (YTC<YTM)",IF(B12>B11+0.5,"MATURITY (YTC>>YTM)","UNCERTAIN")))
A18: TRADING IMPLICATIONS
A19: Price to Call | B19: =IF(B4="","N/A",(('Level Discovery'!B7/200)*(1-(1+B12/200)^(-B6*2))/(B12/200)+(B5*(1+B12/200)^(-B6*2)))) | E19: KEY TAKEAWAY
A20: Price to Maturity | B20: ='Level Discovery'!B20 | E20: =IF(B4="","Bullet bond - straightforward maturity pricing",IF(B15="CALL (YTC<YTM)","Trading to CALL - use YTC and shorter duration. Premium likely lost at call.",IF(B15="MATURITY (YTC>>YTM)","Trading to MATURITY - issuer unlikely to call. Use YTM.","UNCERTAIN - price conservatively to call, but maturity possible. Use YTW.")))
A21: Price Differential | B21: =IF(B4="",0,B20-B19) | C21: $ per $100 face
A22: Duration to Worst | B22: =IF(B4="",B7,MIN(B6,B7)) | C22: Use for risk

Sheet Breakeven Analysis
A1: BREAKEVEN & CARRY ANALYSIS
A2: How much can spreads widen before you're underwater?
A4: POSITION SUMMARY
A5: Par Amount | B5: ='Level Discovery'!B15
A6: Purchase Yield | B6: ='Level Discovery'!B19
A7: Purchase Price | B7: ='Level Discovery'!B20
A8: Duration (approx) | B8: =('Level Discovery'!B8-'Level Discovery'!B16)/365*0.85
A9: DV01 ($) | B9: =B5*B8/10000
A10: Annual Coupon ($) | B10: =B5*'Level Discovery'!B7/100
A12: SPREAD WIDENING SCENARIOS
A13: Spread Change (bps) | B13: +5 | C13: +10 | D13: +15 | E13: +25 | F13: +50 | G13: +100
A14: Price Impact ($) | B14: =-$B$9*5 | C14: =-$B$9*10 | D14: =-$B$9*15 | E14: =-$B$9*25 | F14: =-$B$9*50 | G14: =-$B$9*100
A15: Price Impact (%) | B15: =B14/($B$5*$B$7/100)*100 | C15: =C14/($B$5*$B$7/100)*100 | D15: =D14/($B$5*$B$7/100)*100 | E15: =E14/($B$5*$B$7/100)*100 | F15: =F14/($B$5*$B$7/100)*100 | G15: =G14/($B$5*$B$7/100)*100
A17: CARRY vs SPREAD WIDENING
A18: Holding Period | B18: 1 mo | C18: 3 mo | D18: 6 mo | E18: 1 yr | F18: 2 yr | G18: 3 yr
A19: Coupon Income ($) | B19: =$B$10*1/12 | C19: =$B$10*3/12 | D19: =$B$10*6/12 | E19: =$B$10*12/12 | F19: =$B$10*24/12 | G19: =$B$10*36/12
A20: BREAKEVEN WIDENING (bps) | B20: =B19/$B$9 | C20: =C19/$B$9 | D20: =D19/$B$9 | E20: =E19/$B$9 | F20: =F19/$B$9 | G20: =G19/$B$9
A21: Interpretation | B21: Spreads can widen by this much before coupon income is offset
A24: QUICK RULE OF THUMB
A25: Monthly carry (bps of cushion) | B25: =B10/12/B9 | C25: bps/month
A26: Risk/Reward | B26: =IF(B25>3,"GOOD - >3bps/mo carry",IF(B25>1.5,"OK - 1.5-3bps/mo","THIN - <1.5bps/mo"))

Sheet Comparable Trades
A1: COMPARABLE TRADE LOG
A2: Track recent trades for similar bonds - critical for level discovery
A4: Date | B4: CUSIP/Issuer | C4: Cpn | D4: Maturity | E4: Rating | F4: Sector | G4: Yield | H4: Spread | I4: Notes
A5: 46032 | B5: NYC GO 64971WBJ5 | C5: 5 | D5: 7/1/35 | E5: AA | F5: GO | G5: 3.78 | H5: 33 | I5: TRACE print
A6: 46030 | B6: NY State GO | C6: 4 | D6: 8/1/35 | E6: AA+ | F6: GO | G6: 3.72 | H6: 27 | I6: Dealer offer
A7: 46027 | B7: NJ Transit | C7: 5 | D7: 6/1/35 | E7: A+ | F7: Transport | G7: 3.95 | H7: 50 | I7: BWIC hit
A15: COMP ANALYSIS
A16: Average Comp Spread (bps) | B16: =AVERAGE(H5:H12)
A17: Comp Range | B17: =MIN(H5:H12)&" - "&MAX(H5:H12)
A18: Offered Spread | B18: ='Level Discovery'!F14
A19: vs Comp Average | B19: =B18-B16 | C19: +cheap / -rich

Sheet BWIC Tracker
A1: BWIC PARTICIPATION TRACKER
A2: Track your hit rate, cover levels, and market trends
A4: Date | B4: CUSIP | C4: Issuer | D4: Rating | E4: Your Bid | F4: Cover | G4: Winner | H4: Spread | I4: Hit? | J4: Notes
A5: 46032 | B5: 64971WBJ5 | C5: NYC GO | D5: AA | E5: 3.85 | F5: 3.82 | G5: 3.8 | H5: 35 | I5: N | J5: Missed by 5bps
A6: 46031 | B6: 123456AB7 | C6: CA Water | D6: AA+ | E6: 3.65 | F6: 3.68 | G6: 3.65 | H6: 28 | I6: Y | J6: Hit - good value
A7: 46030 | B7: 789012CD3 | C7: TX Hospital | D7: A | E7: 4.1 | F7: 4.05 | G7: 4.02 | H7: 55 | I7: N | J7: Too aggressive
A13: STATISTICS
A14: Total BWICs | B14: =COUNTA(A5:A12) | D14: Target Hit Rate | E14: 25-35%
A15: Hit Rate | B15: =COUNTIF(I5:I12,"Y")/B14 | D15: Interpretation | E15: Hit rate too high = bidding too aggressively. Too low = leaving bonds on table.
A16: Avg Miss (bps) | B16: =AVERAGEIF(I5:I12,"N",(F5:F12))-AVERAGEIF(I5:I12,"N",(E5:E12))

Sheet Spread Reference
A1: SPREAD REFERENCE TABLES
A3: CREDIT SPREADS (bps vs AAA MMD)
A4: Rating | B4: Typical | C4: Tight | D4: Wide | E4: Current | F4: Notes
A5: AAA | B5: 0 | C5: 0 | D5: 0 | E5: 0 | F5: Benchmark
A6: AA+ | B6: 5 | C6: 3 | D6: 10 | E6: 5
A7: AA | B7: 10 | C7: 5 | D7: 18 | E7: 10
A8: AA- | B8: 15 | C8: 8 | D8: 25 | E8: 15
A9: A+ | B9: 22 | C9: 12 | D9: 35 | E9: 22
A10: A | B10: 30 | C10: 18 | D10: 50 | E10: 30
A11: A- | B11: 42 | C11: 28 | D11: 70 | E11: 42
A12: BBB+ | B12: 60 | C12: 40 | D12: 100 | E12: 60
A15: SECTOR SPREADS (bps, additive to credit)
A16: Rating | B16: Typical | C16: Tight | D16: Wide | E16: Current | F16: Notes
A17: GO | B17: 0 | C17: 0 | D17: 0 | E17: 0 | F17: Tightest
A18: Water/Sewer | B18: 3 | C18: 0 | D18: 8 | E18: 3 | F18: Essential
A19: Electric | B19: 5 | C19: 2 | D19: 12 | E19: 5
A20: Higher Ed | B20: 8 | C20: 3 | D20: 18 | E20: 8
A21: Toll Road | B21: 12 | C21: 5 | D21: 25 | E21: 12
A22: Airport | B22: 15 | C22: 8 | D22: 30 | E22: 15
A23: Hospital | B23: 20 | C23: 10 | D23: 45 | E23: 20 | F23: Volatile
A24: Housing | B24: 25 | C24: 15 | D24: 50 | E24: 25
A25: IDB | B25: 30 | C25: 18 | D25: 60 | E25: 30 | F25: Private credit
A28: STATE CONSIDERATIONS
A29: High-tax state bonds (NY, CA, NJ) trade tighter due to tax demand
A30: Low-tax / no-tax state bonds (TX, FL) trade wider
A31: PR/territory bonds - significant credit spread, check restructuring status
